<?xml version="1.0" encoding="UTF-8"?>
<!DOCTYPE mapper PUBLIC "-//mybatis.org//DTD Mapper 3.0//EN" "conf/dtd/mybatis-3-mapper.dtd">

<mapper namespace="Ldap">
	<resultMap id="get-user-result" type="com.mirth.connect.model.User">
		<result property="id" column="ID" jdbcType="INTEGER" />
		<result property="username" column="USERNAME" />
		<result property="firstName" column="FIRSTNAME" />
		<result property="lastName" column="LASTNAME" />
		<result property="organization" column="ORGANIZATION" />
		<result property="industry" column="INDUSTRY" />
		<result property="email" column="EMAIL" />
		<result property="phoneNumber" column="PHONENUMBER" />
		<result property="lastLogin" column="LAST_LOGIN" />
		<result property="gracePeriodStart" column="GRACE_PERIOD_START" />
		<result property="description" column="DESCRIPTION" />
	</resultMap>

	<select id="getUser" parameterType="string" resultMap="get-user-result">
		SELECT ID, USERNAME, FIRSTNAME, LASTNAME, ORGANIZATION, INDUSTRY, EMAIL, PHONENUMBER, LAST_LOGIN, GRACE_PERIOD_START, DESCRIPTION
		FROM PERSON
		WHERE LOWER(USERNAME) = LOWER(#{value})
	</select>
</mapper>
